id,question,eventId,slug,conditionId,startDate,endDate,closedTime,category,liquidityNum,volumeNum,prob_yes,prob_no,lastTradePrice,bestBid,bestAsk,active,closed,marketType,fpmmLive,resolutionSource,clobTokenIdYes,clobTokenIdNo
249700,Sui Airdrop by May 15?,901469,sui-airdrop-by-may-15,0x150394ee8ac690c4d3ac353158ed4dac01a72234b4b4086c66dab4ef3ebfd2f9,2023-03-28 14:58:07+00:00,2023-05-15 00:00:00+00:00,2023-05-12 12:20:38+00:00,,0.31,195617.45,1.0,0.0,0.0,0.0,1.0,True,True,normal,True,,113922223572507811254222597151117692096127645861390884168660789732030750917920,32242861471223659272764776008279204776842464775976093975493535593293535598096
249754,Will Sam Altman testify before congress by May 31?,901553,will-sam-altman-testify-before-congress-by-may-31,0x54046e971721c08e3977d0b8c19a4739998b7ff7de3cfe17a0c270ae318b7a98,2023-03-30 17:06:03+00:00,2023-05-31 00:00:00+00:00,2023-05-16 16:33:59+00:00,,1.0,7354.71,1.0,0.0,0.0,0.0,1.0,True,True,normal,True,,53703884126068337812695218848713483265714786713869821834358164498525218398390,53018613830538486562499942402634011719781654816448641053768958385625516144450
251060,NBA: Boston Celtics vs. Miami Heat 2023-05-19,901889,nba-bos-mia-2023-05-19,0x4601e31deef50cad431f7f27ad9e5527889daaf06864c5e606b72b4021688650,2023-05-19 00:00:00+00:00,2023-05-19 00:00:00+00:00,2023-05-20 05:03:13+00:00,,0.0,2862.74,0.0,1.0,0.0,0.0,1.0,True,True,normal,True,https://www.nba.com/,29838128240202714289100404371975348758802014346550955373483737411685829415143,911154260307665482863777217509783396068197726263148551258165453179615801711
251705,Will Lil Uzi Vert's new album have over 175k sales in its first week?,902150,will-lil-uzi-verts-new-album-have-over-175k-sales-in-its-first-week,0x23fb7e3c74d966acb4762a620d4520dd8d25e354e5e9ac3154bad2f297587077,2023-06-30 22:00:56+00:00,2023-07-06 00:00:00+00:00,2023-07-08 00:15:32+00:00,,0.28,5138.44,0.0,1.0,0.0,0.0,1.0,True,True,normal,True,https://hitsdailydouble.com/sales_plus_streaming,2096106153409880854525011247572653538591122007903863942826045361042569070876,41998568055961448116290813520753959868897548410963982492869204881874727195637
251757,Will Threads be the most popular app a week after launch?,902176,will-threads-be-the-most-popular-app-a-week-after-launch,0x232ba5f2f63fd753e9b701179468fadaa51c36c314b27b294e5721c39c35efbf,2023-07-06 17:07:36+00:00,2023-07-12 00:00:00+00:00,2023-07-13 02:45:26+00:00,,0.0,8637.72,0.0,1.0,0.0,0.0,1.0,True,True,normal,True,https://apps.apple.com/us/charts/iphone,19283497611317592898775870244935237567990504758980505920766241039267972715067,56724294676852943247039273239928168722945900255089054460700618426826549005428
251793,North Korea missile test by July 31?,902202,north-korea-missile-test-by-july-31,0x5263c4d94f0d1d76c9944f4cd1fe7154c03c0436be2e606d098c13f04d5eedc9,2023-07-13 15:04:31+00:00,2023-07-31 00:00:00+00:00,2023-07-18 21:30:43+00:00,,0.01,15892.45,1.0,0.0,0.0,0.0,1.0,True,True,normal,True,,105321468896000456192143633521853230312487650937915327190912026722602282508854,63300934976055171140657768171017327314575433225003974654155849003330201666914
251813,Will Donald Trump (@realDonaldTrump) tweet by September 30?,902222,will-donald-trump-realdonaldtrump-tweet-by-september-30,0x447184049a516d0210ddddf67092443a171c58144236aea9f375b61b67a61f69,2023-07-19 14:51:09+00:00,2023-09-30 00:00:00+00:00,2023-08-25 03:47:37+00:00,,0.0,44110.62,1.0,0.0,0.0,0.0,1.0,True,True,normal,True,https://twitter.com/realdonaldtrump,56234151237094476119582365567547601151454339072712534288667034256990761862690,50053282680698927325549756196805472717642851978104836882239691311846460882823
251863,SBF jail by August 31?,902262,sbf-jail-by-august-31,0x83e4047e89313118154734ffc783e7fc8a6d4de377ac9195f2df26ccb98367bd,2023-07-27 14:49:19+00:00,2023-08-31 00:00:00+00:00,2023-08-12 19:46:54+00:00,,0.0,3544.68,1.0,0.0,0.0,0.0,1.0,True,True,normal,True,,69102065295312798325914508891737351278206419380459146309820226566911870694139,32919241278013853486453343214824590188912873900836921791976195968499671815
252154,Chiefs vs. Lions,902437,nfl-kc-det-2023-09-07,0xac0602935feec9d3e0ee5021356272bd0b0504998d7d400a2c07a51699a924a4,2023-09-07 00:00:00+00:00,2023-09-07 00:00:00+00:00,2023-09-08 08:31:41+00:00,,0.0,622.74,0.0,1.0,0.0,0.0,1.0,True,True,normal,True,https://www.nfl.com/,40427260985286204209715998819532534637682164412835150718025223263277843086813,4290184276789970051474687370107887235789915051396436282536862867522873296202
252301,Aella: Will more men report they were spanked than women?,902523,aella-will-more-men-report-they-were-spanked-than-women,0xa33c3a9085737e7ddfe9c7453b90551be7efb72a4f88c303f06a822ba1906cbc,2023-09-19 20:41:58+00:00,2023-11-30 00:00:00+00:00,2023-09-21 07:46:44+00:00,,0.0,11743.84,0.0,1.0,0.0,0.0,1.0,True,True,normal,True,,27340453064470561928211217225662585344364778284255948193748018433413894254876,54890920969707854863170633615864822005754710361060221652032384180711667189346
252632,Will the US rescue at least one American hostage from Hamas by Oct 31?,902665,will-the-us-rescue-at-least-one-american-hostage-from-hamas-by-oct-31,0x6e39927e33d4f24c01b9aedbfcc46f8b504856123016330ec9afcbfe73e606b5,2023-10-11 17:14:09+00:00,2023-10-31 00:00:00+00:00,2023-10-24 01:00:09+00:00,,0.0,461764.59,1.0,0.0,0.0,0.0,1.0,True,True,normal,True,,30449589347955785517337713624396681515158607805495788638143308673436389023800,96862467914163532440268728901018715202199694454053721277714038724087719653843
252663,Will Egypt open its border for Palestinian refugees by Nov 1?,902682,will-egypt-open-its-border-for-palestinian-refugees-by-nov-1,0xec1cfd6994ed8d8992bc7044d502cc8005d77674fc824d85f1cb29d966285679,2023-10-15 21:06:00+00:00,2023-11-01 00:00:00+00:00,2023-11-05 00:36:38+00:00,,0.0,58300.04,1.0,0.0,0.0,0.0,1.0,True,True,normal,True,,59423697553550121082447918809088026208972559620044517200974263119250473294164,49105030184008668326350544665066761881013498681227724411152133394101971258221
252839,Israel and Hamas ceasefire by Nov 30?,902774,israel-and-hamas-ceasefire-by-nov-30,0x6909a2cc9b783e63f8c8e9d187dc9f19b73fe5022d6263605153919028c0829c,2023-10-27 16:55:12+00:00,2023-11-30 00:00:00+00:00,2023-11-26 07:35:54+00:00,,0.01,149262.71,1.0,0.0,0.0,0.0,1.0,True,True,normal,True,,57165883912054810046108828254184287689448074306899231664848184702011477197736,39483544817022020183008445451689491665729401463032669105159796970390591255884
253109,Will Snoop smoke again in 2023?,902874,will-snoop-smoke-again-in-2023,0xee96efde8f322788d31fa4967b1708506cbed57d8a73ef25ed280e98ae1f8ff2,2023-11-16 17:59:50+00:00,2023-12-31 00:00:00+00:00,2023-11-22 02:47:08+00:00,,0.0,27464.28,1.0,0.0,0.0,0.0,1.0,True,True,normal,True,,2466194981554272440528105077223741829832308317740361144443074497519992888297,74793988729764020714605261729742702663792697512718684901945752722855593595459
253219,Iceland volcanic eruption by Dec 31?,902931,iceland-volcanic-eruption-by-dec-31,0x6c9c6fbd8798865f20547233e6a4ef00076c6774d51d858b540e41d31dbcc4f1,2023-11-28 17:22:27+00:00,2023-12-31 00:00:00+00:00,2023-12-19 01:04:34+00:00,,0.0,10561.81,1.0,0.0,0.0,0.0,1.0,True,True,normal,True,,2831351300255036615879222816877515416156622370978501212960046826536301846925,103159008983060910391617923908522936653609679329380575231100807990866227962193
253235,Will another 'Forbes 30 Under 30' be arrested in 2023?,902941,will-another-forbes-30-under-30-be-arrested-in-2023,0x4ae3630ef60a0b981c4469b06d9a49709c36942d323b3cd17c06a74b04196417,2023-11-29 17:50:25+00:00,2023-12-31 00:00:00+00:00,2023-12-13 11:07:22+00:00,,0.0,21162.48,1.0,0.0,0.0,0.0,1.0,True,True,normal,True,,64768566614817825555137435564225786390416263569515604191625893955173305552213,43041044877686019407471404410557934642559888729878362760030000536786943727768
253443,Bitcoin all time high by Mar 31?,903080,bitcoin-all-time-high-by-mar-31,0xd43821073a5a03b525e5c044415694affe1386edfbb740be1a81c2678c8f5382,2023-12-14 19:13:23+00:00,2024-03-31 00:00:00+00:00,2024-03-05 17:17:13+00:00,,0.0,1279448.95,1.0,0.0,0.0,0.0,1.0,True,True,normal,True,,35209317505745968974662020300417770184091886657482588933673486036530030845993,79202724925679443639505709713062062316081034392706362743836115333452874403146
253484,Trump wins every state in Rep. Nomination?,903112,trump-wins-every-state-in-rep-nomination,0x43d7d4602d2c3ca67db94667152d0ed86c0b5151b6de4328daabf27e94698171,2023-12-21 22:32:15+00:00,2024-06-25 00:00:00+00:00,2024-03-06 08:34:34+00:00,,0.0,819850.48,0.0,1.0,0.0,0.0,1.0,True,True,normal,True,,937672203258993518225127987418359499807266135033147120010720561519499310366,18079501644192996692060339045109478664036166796358950539706194686167087787599
253541,Hamas lose power in Gaza before February?,903151,hamas-lose-power-in-gaza-before-february,0xc75ce8f4c83b6b5916a4dfbc0d8d96847ad6d86e3262a12e70a6f55e0d9b25d4,2023-12-29 16:36:02+00:00,2024-01-31 00:00:00+00:00,2024-02-02 03:00:42+00:00,,0.0,731344.66,1.0,0.0,0.0,0.0,1.0,True,True,normal,True,,95577631544298202792999152213340272106857302250588429760823532054585435869773,263346672670779901374942226488208371112312958613969805745857197313367077241
253926,Will Kamala Harris be the Democratic VP nominee?,903266,will-kamala-harris-be-the-democratic-vp-nominee,0xbd00b7bbe9cfd644555601eab5e6839d300f157655c7398e52363d65ca31d60e,2024-01-17 17:19:00+00:00,2024-08-21 12:00:00+00:00,2024-08-09 00:25:03+00:00,,,1397015.7,0.0,1.0,1.0,,0.001,True,True,normal,True,,39610451808489359091225744616605783593218688051033352591068084124126317646408,46295355012862633280841323519184879706138175839204568272783303327732070711432
254033,US call for Gaza ceasefire before March?,903301,us-call-for-gaza-ceasefire-before-march,0x013142626607e6d1088977fb94e96f43e6d20080f05b77e84ac50cc97dc92682,2024-01-19 21:52:50+00:00,2024-02-29 00:00:00+00:00,2024-02-17 08:45:58+00:00,,0.0,74934.74,1.0,0.0,0.0,0.0,1.0,True,True,normal,True,,13335750505726384905038822340176619678527800672122746057332732554835826995107,45874353596042853903205207444145880412481715046681364609769751206798777933879
254128,US government shutdown by Mar 9?,903336,will-there-be-a-us-government-shutdown-by-mar-9,0x3c9d8b8e50e69c48a1882f259db6c492662ce45fd4c019da1abb8ebe3f6cf8e9,2024-01-26 01:07:03+00:00,2024-03-09 00:00:00+00:00,2024-03-12 00:33:40+00:00,,,388204.08,1.0,0.0,0.0,0.0,1.0,True,True,normal,True,,54125904243038989166597072576304250644723838065357109894568104931394771916119,50047801168909770024961419136756668074748192163107326596279377780009513906176
254240,"Will BTC hit $50,000 in February?",903374,will-btc-hit-50000-in-february,0x40a93ba2e52a40676801cb144050bd4fc64ddedb778f13f2ade72d61a89dee8b,2024-01-31 19:40:54+00:00,2024-02-29 00:00:00+00:00,2024-02-12 19:31:20+00:00,,0.0,404460.75,1.0,0.0,0.0,0.0,1.0,True,True,normal,True,,12841268746827148649109502746148701003585044456541747239439883464233051097299,13219977956080103458014224464118572285851406373589291084611321385138271615305
254482,Will WIF hit $1 by March 15?,903467,will-wif-hit-1-by-march-15,0x0b420588320f29ab90f0e99af4e546a895f5815c7f13fd708f5688a59c8bcca3,2024-02-14 23:17:39+00:00,2024-03-15 00:00:00+00:00,2024-03-01 12:45:57+00:00,,0.0,104970.96,1.0,0.0,0.0,0.0,1.0,True,True,normal,True,,20540434004575035308945573935531954706673834977079730722474513000999172152013,57661973116348618228470686073146690257388346261892582634782963698190957811198
255225,Will there be a US government shutdown by Mar 23?,903687,will-there-be-a-us-government-shutdown-by-mar-23,0x9a8e3d99d9435c53be147e08315d9159aab661bd3677ddbe6e60c163f858bcf4,2024-03-01 22:21:29+00:00,2024-03-23 00:00:00+00:00,2024-03-12 00:28:24+00:00,,,68988.08,1.0,0.0,0.0,0.0,1.0,True,True,normal,True,,54493921602178012542907340413017326096924519434326524522609209033099287795651,91167234458736171021552734992521949088813644313651495632337480655986726010885
255244,Will Nikki Haley win any state on Super Tuesday?,903704,will-nikki-haley-win-any-state-on-super-tuesday,0x24065ecfb01a08b8406326e191ca9309e8cd6359ae325db826cdbae38f41bfdd,2024-03-04 21:12:08+00:00,2024-03-05 00:00:00+00:00,2024-03-06 08:48:06+00:00,,0.0,95001.38,1.0,0.0,0.0,0.0,1.0,True,True,normal,True,,17364677687109866499118117408409368159003665799002643125070133314755987522743,106331795361336211687207101491672376352118056762947700789962398698607192424079
255316,Will RFK Jr. announce Libertarian Party bid?,903739,will-rfk-jr-announce-libertarian-party-bid,0x0768f65fbc714d430d58e923f47f4b859881aa1bd8a9ac0732a9a34d14fff890,2024-03-06 20:29:46+00:00,2024-05-26 00:00:00+00:00,2024-05-27 00:14:53+00:00,,,41661.38,1.0,0.0,0.0,0.0,1.0,True,True,normal,True,,107879946185514581475877629260225735832590545490320065146044286971314498153346,49613595481376787787773892322863201686677186810356111680991578317276676790791
255343,Congress passes bill banning TikTok by April 30?,903754,congress-passes-bill-banning-tiktok-by-april-30,0xd7b81793137d5dd6843a40e774fb25395361a4375b885784ff747520958b93d1,2024-03-07 21:47:17+00:00,2024-04-30 12:00:00+00:00,2024-04-24 03:47:28+00:00,,,146220.7,1.0,0.0,0.0,0.0,1.0,True,True,normal,True,,36647354132226899170471229643893944680693376098088402649721484364085136276646,100016561919478333801924390005840824702398734995035565159192001790024481090511
500328,More border encounters in March vs. Feb?,10085,more-border-encounters-in-march-vs-feb,0x9019c7a214887000c8aeea44129afb2c792bd21b7492ef2ad958dfa5af3a2865,2024-03-19 19:31:30+00:00,2024-03-31 07:00:00+00:00,2024-04-12 22:19:30+00:00,,,17203.8,0.0,1.0,0.0,0.0,1.0,True,True,,True,https://www.cbp.gov/newsroom/stats/southwest-land-border-encounters,12335548204896458243553347829529837797688880994012329508577820265539663621484,52794035438350430342950151145486996700187899590735505616801182714443756867481
500610,US bank failure in April?,10210,us-bank-failure-in-april,0x53ecf4c1775c7eea6c62aa8ad52d3db0edd48a71e0e4057dd1f5242c10c144d6,2024-04-02 20:26:22+00:00,2024-04-30 12:00:00+00:00,2024-04-27 00:46:23+00:00,,,56886.52,1.0,0.0,0.0,0.0,1.0,True,True,,True,,56757364671829455976652037983198058804375606322144174714756100107236219581763,76340919859496074504967480790629116631708954833352536638671193770362218416564
500832,Indian Election: Will BJP win a majority of seats?,10303,india-election-will-bjp-win-a-majority-of-seats,0x7c3a0678edb1278cf44b8a4a5c1a4cb13ad66622ac2abebed51186654423c19c,2024-04-10 22:08:18+00:00,2024-06-01 12:00:00+00:00,2024-06-05 02:55:41+00:00,,,205623.84,0.0,1.0,0.0,0.0,1.0,True,True,,True,,17776017160122578371388230987975404665018212304113595000560379377507660082987,104352330127872723864774327826066146238620083147147176295491643777755797491569
500910,Will Barney KO Ansem?,10334,will-barney-ko-ansem,0xd92c5938de64feafa55ed1415317a277c0444d7847a47adc7791a7cd46e5aef4,2024-04-11 21:18:41+00:00,2024-04-19 12:00:00+00:00,2024-04-19 23:22:01+00:00,,,24263.0,1.0,0.0,0.0,0.0,1.0,True,True,,True,,7834512217559859073153874312575717353235334157569377066141384802476117216637,11678894911527459107457020014871692153519607797172296834479147886074751469101
500943,Israel military action against Iran by Friday?,10349,israel-military-action-against-iran-by-friday,0x043eba4f03731208aa2c2ee1d4eb64b9dc8446f1f991b6bb8ba419f9840d1cc9,2024-04-15 03:30:13+00:00,2024-04-19 12:00:00+00:00,2024-04-19 07:07:47+00:00,,,391886.62,1.0,0.0,0.0,0.0,1.0,True,True,,True,,65314358059766515252184593500424636992806833445670132744069022121901791030997,63505051035278091150596335509529554668235214412160398654258439835062347867922
501134,Kendrick track drops in April?,10455,kendrick-track-drops-in-april,0x959a30e6ef7d1ed836596b3377a837497c3be5d3405c55d72c19b309a3d1322a,2024-04-23 15:21:31+00:00,2024-04-30 12:00:00+00:00,2024-04-30 18:49:42+00:00,,,9593.75,1.0,0.0,0.0,0.0,1.0,True,True,,,,33752761824894024568515196215382756482565350949175632124922761851100972524304,48990086736013914044789383672442392506323884209274003323237940835452804687200
501198,Will Nikki Haley endorse Trump before June?,10486,will-nikki-haley-endorse-trump-before-june,0x4dcd86e503db974a04da4ef751671e357ef9b96719c0e64861431048dd100d96,2024-04-25 19:57:32+00:00,2024-05-31 12:00:00+00:00,2024-05-29 00:27:19+00:00,,,122153.45,1.0,0.0,0.0,0.0,1.0,True,True,,,,34073619720929428849276407617245485497713167617650154094487006913569822599221,5617515318782625528652764058969858310146077583370323758982653385472762533266
501316,Columbia May 15 graduation ceremony cancelled?,10541,columbia-may-15-graduation-ceremony-cancelled,0x991c0963a350e37e1e8a35c3dd8242a430589409ab89ced616ec5da7174da024,2024-05-01 23:45:09+00:00,2024-05-15 12:00:00+00:00,2024-05-06 15:03:29+00:00,,,664.7,1.0,0.0,0.0,0.0,1.0,True,True,,,,39963138261922539748628774552134512448781720906333642655017093816272330703181,95948905926008502635968451814367240025832244982530093436486006977601215074630
501332,Will Porzingis return by end of Eastern Conf. Finals?,10546,will-porzingis-return-by-end-of-eastern-conf-finals,0x44a06f3e578daa59eec8a792214068f9c60dca06351de84645d403eb0f863735,2024-05-01 21:39:53+00:00,2024-06-30 12:00:00+00:00,2024-05-28 04:43:48+00:00,,,10028.66,0.0,1.0,0.0,0.0,1.0,True,True,,,,27989948684835780891751719342094470327613679316009349323345082315204623787972,98517329995271093817272039375676899528458286869995702861306302645920268728886
501415,Drake drops new track by Monday?,10574,drake-drops-new-track-by-monday,0x155456e21b5b89ccd7e99dd61121d4931b2a408866af82288dba9c9eba2dc4fd,2024-05-05 00:10:03+00:00,2024-05-06 12:00:00+00:00,2024-05-07 09:58:06+00:00,,,11924.63,1.0,0.0,0.0,0.0,1.0,True,True,,,,81503931236501059126010674859170634243155609337571936048220604455620261232103,94730126004565835918117297643467232300932127330498243147590286003137855685750
501718,GALA hacker returns >50% of funds in May?,10721,gala-hacker-returns-funds-in-may,0xf61e1835d60a39f8db79624364782aa35ff26d5ca6a17d501ef50dbfaf3b1c28,2024-05-20 22:33:54+00:00,2024-05-31 12:00:00+00:00,2024-05-22 13:08:37+00:00,,,3298.87,1.0,0.0,0.0,0.0,1.0,True,True,,,,35981408796078327344406856335993438341950811317872936735497808813126434857896,38007598332677458955835307004332170308410510984149058931126199281513493630326
502038,Will Joe pardon Hunter Biden?,10882,will-joe-pardon-hunter-biden,0x0e85e94301db0e38e25f0650ab649c3a4485b5fc9734a8b6abf3d0da0ee6dd55,2024-06-11 15:22:18+00:00,2025-01-20 12:00:00+00:00,2024-12-02 02:54:08+00:00,,,3401720.78,1.0,0.0,1.0,0.999,1.0,True,True,,,,61811145798247368645026645370567079558813845010538494227283744629478563039430,59644131068110036254340775710789225529864502237963322328534882668356319932185
502117,Roaring Kitty livestream by next Friday?,10924,roaring-kitty-livestream-by-june-14,0xb280e8aec315031f42d67a43af11aa2076c5de8b96edd0adb859a9cefc835179,2024-06-04 21:00:17+00:00,2024-06-14 12:00:00+00:00,2024-06-07 18:42:32+00:00,,,3061.72,1.0,0.0,0.0,0.0,1.0,True,True,,,,87256793481078659565565123026881432105616237819315522450081780251194128731280,19933420685034506822363157270773344045411451477571893171362307717664777468394
502121,Major challenger to Biden for Democratic nomination?,10928,major-candidate-challenges-joe-biden-for-democratic-nomination,0xbe52d055406efaa3252c8bdb4fac57f3e3e0179f4abd7feac32425154ef40427,2024-06-05 19:42:11+00:00,2024-09-01 12:00:00+00:00,2024-07-21 21:20:18+00:00,,,102349.27,1.0,0.0,0.0,0.0,1.0,True,True,,,,13967032097112066276689748520022500224470448567653589158329487728742124270092,58651916796015629503951265471980501253646394943360490617731598886709903285456
502290,GME halted on Tuesday?,11030,gme-halted-on-tuesday-june-11,0x64bc44b3d6d0f62003bd90b8de09879530ff9cc0ce30c9c38fbc046e550ece86,2024-06-10 21:06:16+00:00,2024-06-11 12:00:00+00:00,2024-06-11 17:27:10+00:00,,,3808.58,1.0,0.0,0.0,0.0,1.0,True,True,,,https://nyse.com/trade-halt,84786379764351799999467492204000507803405028495973834941580947199186676325369,57942235789367972291354532347448018382311472949083303767414064217862672307813
502571,Will Trump launch a coin before the election?,11143,will-trump-launch-a-coin-before-the-election,0x70de1b06646805d289744df352ed58b5612fafb3d0322e483243c32cb110f8a7,2024-06-18 19:41:14+00:00,2024-11-04 12:00:00+00:00,2024-10-18 00:22:28+00:00,,,76899060.6,1.0,0.0,1.0,0.993,0.996,True,True,,,,104468264438118085465761163263611745362235161579898771567536629365715258090512,110956193269330984108742479380582706889793052817208611887999646282949901872730
503112,Will Beryl hit US as a hurricane?,11362,will-beryl-hit-us-as-a-hurricane,0x98250663bed7a74c9fcabb505f60fc026c48470b14a88c0b5f34ae1f774a3eff,2024-07-02 04:01:45+00:00,2024-07-08 12:00:00+00:00,2024-07-09 06:05:58+00:00,,,27549.46,1.0,0.0,0.0,0.0,1.0,True,True,,,https://www.nhc.noaa.gov/text/refresh/MIATCPAT2+shtml/020248.shtml?,34796923540268529698622890485874526990580142192764252465475537325800077638550,96591390173958141724825559150858273955608291812909871529924151171340448989463
503385,Trump wins every swing state?,11468,trump-wins-every-swing-state,0xcf263497b4bd594b3eaf650de77df2483c3443a929e815a4bb8ce2b8cce50de1,2024-07-22 17:23:42+00:00,2024-11-05 12:00:00+00:00,2024-11-10 06:31:53+00:00,,,16221133.48,1.0,0.0,1.0,0.999,1.0,True,True,,,,71429224354853733902363804281365366005619669369402236442576853311507584941917,19145824489202255468860676886687435302354097211623787824373319153771938762362
503535,RFK Jr. endorses Trump in August?,11536,rfk-jr-endorses-trump,0xde20ba1b4fa2f2aae4e0c2dae0e8e111986743b094952272730607dc9d4cd8e1,2024-07-26 15:07:38+00:00,2024-08-31 12:00:00+00:00,2024-08-27 00:28:34+00:00,,,6195836.69,1.0,0.0,1.0,0.996,0.999,True,True,,,,33577969371286343977356206611656200628557136541726617870627297931147773896148,19578890682213446862630335318698732223958239442642602444342136463834785937809
503991,Will RFK Jr. drop out before September?,11651,will-rfk-jr-drop-out-before-september,0x4d3315503bed60f1358ef6809c1e2a7bb2aa8b362025b3bb40a78ac3df58ec76,2024-07-23 23:12:24+00:00,2024-08-31 12:00:00+00:00,2024-08-23 23:35:23+00:00,,,385262.02,1.0,0.0,1.0,0.999,1.0,True,True,,,,73909177382612051777236138229494628609799846046930739579057836986089155407615,94315060545834441721919797404819045383542214373118322479175032746827919024296
504000,MrBeast fires Kris in July?,11656,mrbeast-fires-kris-in-july,0xe7de0320aed582c84d6ee57068354d8d641e26523c0340ad79c9d2dec9f90c0b,2024-07-22 19:30:36+00:00,2024-07-31 12:00:00+00:00,2024-07-23 22:23:09+00:00,,,27220.22,1.0,0.0,0.0,0.0,1.0,True,True,,,,114387486271293991416187330721523766928987055334590619245513421806632112854846,37177686697655489354744758539999236325803572864232281059272908727354776175351
504054,Biden seen in public Wednesday? ,11681,biden-seen-in-public-jul-24,0x08039466eb2a752c36124494d9f5eb7707010aa532c0c3a8e7297208abab97f7,2024-07-23 20:48:42+00:00,2024-07-24 12:00:00+00:00,2024-07-25 03:32:43+00:00,,,38250.33,1.0,0.0,0.0,0.0,1.0,True,True,,,,14188648413789643346292635964951895423589640282164615908210484404876402072737,55838959644146529200691176772487477737622632501779523546835985585585086825039
504188,"Will JD Vance say ""Couch"" before August?",11718,will-jd-vance-say-couch-before-august,0x37cc02613799912f32aa0d6e1cf7dc17bf68bfd6453b00d8da14e397904ea196,2024-07-25 21:34:43+00:00,2024-07-31 12:00:00+00:00,2024-07-31 03:40:14+00:00,,,19125.16,1.0,0.0,1.0,0.993,0.999,True,True,,,,87264545050617025254418554383384345582911385326329858598856270738557319767636,9103527599346268660592216210542369578750057737111722691219952477991830831073
504425,India vs. Sri Lanka - 2nd Cricket ODI Match,11808,india-vs-sri-lanka-2nd-cricket-odi-match,0x9bed6ae0515f4401f590b0ff799b878cf7e59630191ff4d13687b6f50c9b33d9,2024-08-02 14:13:08+00:00,2024-08-04 12:00:00+00:00,2024-08-04 21:02:35+00:00,,,4165.83,1.0,0.0,1.0,0.999,1.0,True,True,,,,99415280127311615525179036338172983256567216654829892022306917556562637179853,86028691324380527785953208238225369134492547973611575907043538001339596285750
504467,US bank failure by October 31?,11822,us-bank-failure-by-october,0x0a166784df1f7d2f72b66acbf25d78f2884cb613826dc8dc5ddd238e36e7d453,2024-08-02 17:56:01+00:00,2024-10-31 12:00:00+00:00,2024-10-19 01:39:17+00:00,,,204194.48,1.0,0.0,1.0,0.999,1.0,True,True,,,https://www.fdic.gov/resources/resolutions/bank-failures/failed-bank-list/,104534456116368025249098031551889593348744568483328295240181193141413754925281,50264017390609018511941036815651578809276693101939775305194902861722308654008
505140,Ukraine hits Moscow by August 31?,12046,urkaine-hits-moscow-by-august-31,0x4db75759e7e4680ed213f83c6724d082f6f5e6371e3064904fffe8f1380c5021,2024-08-26 16:19:25+00:00,2024-08-31 12:00:00+00:00,2024-09-01 20:15:36+00:00,,,214357.74,1.0,0.0,1.0,0.999,1.0,True,True,,,,17784821784381323523515087602178224237060721519178734845305138355542018907551,105389713691966638674332959332808711805923391221092676719078882679791205678426
505346,Will Beyoncé perform at the DNC?,12102,will-beyonc-perform-at-the-dnc,0xdc3c6b8b26d188b84a6b915976667643979744fe328bed9917f547fd7c851fa0,2024-08-22 21:00:18+00:00,2024-08-22 12:00:00+00:00,2024-08-23 05:59:18+00:00,,,1001991.76,0.0,1.0,1.0,,0.001,True,True,,,,71123522859160574884212811083141908388189167701675718760832985417104406658640,79528786145777938730005872492240854282616823194382056803425308608754233846503
505441,Trump flips Kamala on Nate Silver's Bulletin?,12124,trump-flips-kamala-on-nate-silvers-bulletin,0x589bd413f951e54cf3d0143195915cf61dbbea7e1506a04697bb94103fe105fa,2024-08-20 19:21:05+00:00,2024-08-31 12:00:00+00:00,2024-08-29 18:41:50+00:00,,,277865.26,1.0,0.0,1.0,0.999,1.0,True,True,,,https://www.natesilver.net/p/nate-silver-2024-president-election-polls-model,91105204032576048471090671257220508462890670507559978284699739913115678710666,74312017889108043267143777985593324923127809715755953422114511086751682157798
505466,Trump nominates RFK Jr. to Cabinet?,12129,trump-wins-and-nominates-rfk-jr-to-cabinet,0x7cd2a039b83b68941d2c7a07978ab90fa4c436350330b02ab6b96de9b4dadf33,2024-08-20 22:07:43+00:00,2025-01-31 12:00:00+00:00,2024-11-15 01:48:40+00:00,,,1325656.07,1.0,0.0,1.0,0.995,0.999,True,True,,,,112622598487769724589327526733872937981690275751931712816778517669850598443526,78840284212919196694253017524003489657852935189616309759276853027830486976872
505563,Trump nominates Tulsi Gabbard to Cabinet?,12151,trump-wins-and-nominates-tulsi-gabbard-to-cabinet,0x6b642d364ac780ac5afe241cdb28af3d8fe576cbb163475f56ee3f099c520dc0,2024-08-21 16:54:22+00:00,2025-01-31 12:00:00+00:00,2024-11-15 01:03:12+00:00,,,395490.58,1.0,0.0,1.0,0.997,0.999,True,True,,,,60583707785258417517828736037344436560306741051148122339444796241891792695934,44173215934600696194775437225031783531347151423896444044144183340001221863158
505712,CFB: Florida St. vs. Georgia Tech,12187,cfb-florida-st-vs-georgia-tech,0x518406cc13322d7de262ca1b1cbd9d5318d3dfae19b7004ddfb32834e27cde64,2024-08-23 05:09:08+00:00,2024-08-24 12:00:00+00:00,2024-08-24 21:14:08+00:00,,,46389.46,0.0,1.0,1.0,,0.001,True,True,,,,89043328399825870639596453267076742652783201762700125853128870518668491430585,56372884684845328570022136524377234965005730077396724656830615315391792308313
505716,"Bitcoin above $60,000 on August 30?",12188,bitcoin-above-60000-on-august-30,0x937f83a60268bb7b8ab5b80eae642c028d4d3e47b23b75d70eb6a2377ad40d10,2024-08-23 15:25:10+00:00,2024-08-30 12:00:00+00:00,2024-08-30 18:04:12+00:00,,,1157130.65,0.0,1.0,1.0,0.001,0.004,True,True,,,,42683760964089142499925208480802881496411773352384662011655168139367984850185,73263375317662241426581373456607945879779285848695239093612557754033352780385
505717,Solana above $145 on August 30?,12189,solana-above-145-on-august-30,0x1178b9bfa66b44178a201c4c096c49159364dcd61a7c35e31e7337e18c1214c8,2024-08-23 15:25:10+00:00,2024-08-30 12:00:00+00:00,2024-08-30 18:09:26+00:00,,,355749.01,0.0,1.0,1.0,,0.001,True,True,,,,3806125807097962606445238891781593908195198311840809159011595135475392856539,65622025101848642381186877005410441654673369192355448597397932116070452981444
505718,"Ethereum above $2,500 on August 30?",12190,ethereum-above-2500-on-august-30,0x5caad4415ba1bbc2daa654c69f2d995460ca1f3e6882baca99a85ffe2d0fbde4,2024-08-23 15:25:09+00:00,2024-08-30 12:00:00+00:00,2024-08-30 18:04:14+00:00,,,555916.29,0.0,1.0,1.0,,0.003,True,True,,,,13999163931137294731051317833662969416362114841283632018332842321312169124689,19407310120695621723773429167276421753297211463012133708685155192504885088491
505776,Yahya Sinwar still Hamas leader by October 31?,12206,yahya-sinwar-still-hamas-leader-through-november,0x44a23a99b4106399813d921551bc08e69c699fc8c14a8868724eea8b1827a435,2024-08-26 16:49:50+00:00,2024-10-31 12:00:00+00:00,2024-10-18 02:02:12+00:00,,,398934.13,0.0,1.0,1.0,,0.001,True,True,,,,111507083162180262377318727539617278970405230463785673993045338565869335674065,5557086200859717275957861399522985898188010564636054814082282303483196124179
505859,Will California's Living Wage Act pass?,12239,will-californias-living-wage-act-pass,0x9104cdfa6d7d211a871e10644f43a6408557255be2db927e1bec5beadec8c397,2024-08-26 20:47:54+00:00,2024-11-05 12:00:00+00:00,2024-11-22 02:56:58+00:00,,,2578.22,0.0,1.0,1.0,,0.002,True,True,,,"https://ballotpedia.org/California_Proposition_32,_$18_Minimum_Wage_Initiative_(2024)",1354341632284260230642622919921564717534011629162885446518969924264049484955,16112264477357751474129024714950510953449991060369197924439424807810707885599
505904,Will threadguy interview Trump before October?,12255,will-threadguy-interview-trump-before-october,0xd7ed2019092e00af958fffed1110e70245f0b7d14dbd0f7f9f3e5d538aecacb4,2024-08-27 18:04:22+00:00,2024-09-30 12:00:00+00:00,2024-09-23 03:11:36+00:00,,,143362.61,1.0,0.0,1.0,0.999,1.0,True,True,,,,98102309987710193580044885225570571146790487222288291872229170982086921878332,63589164906046753329141354353399714218765331542550885221104292293351753373144
506042,Kamala Harris solo interview before debate?,12280,kamala-harris-solo-interview-before-debate,0x550aed3b4a7f2c1cbb307c6c06a5636788b129cc65512d803502dfd9fd97b01d,2024-08-28 21:11:28+00:00,2024-09-09 12:00:00+00:00,2024-09-06 18:26:37+00:00,,,94498.77,1.0,0.0,1.0,0.999,1.0,True,True,,,,113500785190313389399911379804583813244765483675119174306054685091140325876765,36668693170000518376031822901380424746634875954543787479434615254705432149342
506048,Ukraine hits Moscow by Sept 30?,12285,ukraine-hits-moscow-by-sept-30,0xd572def2cb8aaaea536207f9a82374e721724aa55e4875d3d20727c5722a7efd,2024-08-28 22:12:39+00:00,2024-09-30 12:00:00+00:00,2024-09-04 00:22:00+00:00,,,737767.51,1.0,0.0,1.0,0.999,1.0,True,True,,,,103849519882521224678515048627138647577659180698495425430383680256143535749741,62638513351045367343450275139307583725076624838384187547839988242254893990681
506134,Will Apple remain largest company through Sep 30?,12305,will-apple-remain-largest-company-through-sep-30,0x1c3499d7319d69a2ad56c1098452c577d145f48e6ceb9f5baee3f01c3849aae1,2024-08-29 22:44:43+00:00,2024-09-30 12:00:00+00:00,2024-09-17 16:10:42+00:00,,,229751.86,0.0,1.0,1.0,,0.001,True,True,,,,86461007442571417095682566792330151974578182715537915501730201671094733677192,82161852692350449366102193062264786587463282740827337917894681285649788940431
506202,Will there be a US Government shutdown? ,12327,us-government-shutdown-before-2025,0x87d67272f0ce1bb0d80ba12a1ab79287b2a235a5f361f5bcbc06ea0ce34e61c5,2024-09-03 16:16:55+00:00,2024-12-31 12:00:00+00:00,2024-12-25 00:28:03+00:00,,,53500373.74,1.0,0.0,1.0,0.998,0.999,True,True,,,,25788984364015292223605977307142748201985724991469784186655292374059222006895,61870696561549212427703774084341694590597083144015451858728593820052569648622
506766,Eric Adams indicted in 2024?,12496,eric-adams-indicted-in-2024,0x43a1663a6718d7d1e9602537e29844226d08055e32136795f839fa8c30e65a42,2024-09-10 16:15:40+00:00,2024-12-31 12:00:00+00:00,2024-09-26 20:28:53+00:00,,,20082.06,1.0,0.0,1.0,0.992,1.0,True,True,,,,39173680897133162141055765490357142775958365586464247216416001978210749712232,47151236937601434340048277544352347053720147017421735969917710607040267872403
506873,Another Biden beach day in September?,12527,another-biden-beach-day-in-september,0xc51d9169a3adb22cd010cc2cc01a7ae0dc3313bcfb345943d1feffdd99989c7d,2024-09-11 20:17:24+00:00,2024-09-30 12:00:00+00:00,2024-09-28 06:59:46+00:00,,,54662.95,1.0,0.0,1.0,0.999,1.0,True,True,,,,51233913303098327649176265371007667877830391134254341363149853684740653361019,56972551651380653310738030165637646017428245764613860355612448683920444858395
506968,Will Israel invade Syria in 2024?,12563,will-israel-invade-syria-in-2024,0x7949174f6cb3b0781fbd1a63a51fb7d2e72ac2d7cff1628f2c62477b64734bff,2024-09-13 15:43:58+00:00,2024-12-31 12:00:00+00:00,2024-12-21 00:31:57+00:00,,,16819559.74,1.0,0.0,1.0,0.999,1.0,True,True,,,,78224102968377054781517098798255693327792151609889102854503491888040635713907,65529652434798000220595979213989185718946886085992772143938108422983263158528
507081,The Bear wins Best Comedy Series? - Emmys,12589,emmys-2024-the-bear-wins-best-comedy-series,0xd5d28d3fc6cd8eb5192e36f019c34a14744474b1120c9a26e113501f0c907979,2024-09-15 07:58:51+00:00,2024-09-15 12:00:00+00:00,2024-09-16 05:08:59+00:00,,,5835.46,0.0,1.0,1.0,,0.003,True,True,,,,73863033444064852306411193124200570389625485328127797028888316802994591215338,92822955744168158232663079801355414631517614704781804333131825605081371234468
507280,Nasrallah remains Hezbollah leader through Oct 31?,12645,nasrallah-remains-leader-of-hezbollah-through-october-31,0x09c2f5cff9250d14e9b5425166f6f8c78b4de224a2b84234b998f7b01131a515,2024-09-17 16:21:43+00:00,2024-10-31 12:00:00+00:00,2024-09-28 14:00:26+00:00,,,764900.81,0.0,1.0,1.0,,0.001,True,True,,,,30965239981470165225596820681376824387244749990754235301579254686975180638696,37965148384604932190187351927343068272368750010470115775056134619988638691899
507472,Israeli forces enters Lebanon in September?,12700,israeli-forces-enters-lebanon-in-september,0x006ee68a0b2273785450167ca50b8d27f2149946ac513fde4e86765e53e35d52,2024-09-19 16:49:07+00:00,2024-09-30 12:00:00+00:00,2024-10-04 00:24:46+00:00,,,10886668.25,1.0,0.0,1.0,0.998,0.999,True,True,,,,16089502285715435437562615795573134003254593059489358511668863095586726453790,99090420296097296076980963983799433438491210828326488353834370907397713646036
507545,Matt Gaetz out as Congressman in 2024?,12718,matt-gaetz-out-as-congressman-in-2024,0x14c80a9470f979e4aeedddfad2eb9d367c46b3276127138eb1e3a8e7ba9dc72f,2024-09-20 14:42:51+00:00,2024-12-31 12:00:00+00:00,2024-11-14 02:17:13+00:00,,,234865.82,1.0,0.0,1.0,0.999,1.0,True,True,,,,45268591759765182225651292987887627286436991054160378295938346489886985369396,24224342629792312427646973227909660868378854712783157203293621690518448301923
508975,"KSI's ""Thick Of It"" debuts on Billboard hot 100?",13209,ksis-thick-of-it-debuts-on-billboard-hot-100,0x1a5e70ce460cba7c87b1a990dc4bfc4df523507161291aef0f2e771b28af2736,2024-10-04 20:31:52+00:00,2024-10-18 12:00:00+00:00,2024-10-15 00:37:19+00:00,,,96233.84,1.0,0.0,1.0,0.999,1.0,True,True,,,,112570562207510128457148328359162620753117218738215430154263051491176190137474,21020346592796875849666736089935426415759504244642131047425508544649875240597
509047,Will Coinbase list $PEPE in 2024?,13234,will-coinbase-list-pepe-in-2024,0xffae42f1c905d24dfef1d0f7336226ca6160c6ee9493ca00dea4fee0b4cf5054,2024-10-07 23:00:17+00:00,2024-12-31 12:00:00+00:00,2024-11-13 19:11:24+00:00,,,37959.77,1.0,0.0,1.0,0.999,1.0,True,True,,,,1211312254526536726168716269492964443834525539137214117193675931102111785895,77390816970611524597109391152050254705206096099993354648951074721700507241556
509855,Israel military action against Iraq before November?,13431,israel-military-action-against-iraq-before-november,0x825979da04e73c1f0df28132de975b19a53b54faf7e672e822aa10c9031c1201,2024-10-15 00:08:29+00:00,2024-10-31 12:00:00+00:00,2024-10-30 00:25:09+00:00,,,27780153.86,1.0,0.0,1.0,0.998,0.999,True,True,,,,70600361638677588796777424567218334032905836716539802937518727902043802064967,37345183659773848311239062560842750053671929810195926482598825743458742747410
510051,Will Kamala do better than Biden with unmarried women? ,13480,will-kamala-do-better-than-biden-with-unmarried-women,0x65e05e566b5b9ff158fe577a021646d759f56880ba07f4b5def7df2ebef4cda6,2024-10-18 00:05:49+00:00,2024-11-05 12:00:00+00:00,2024-11-11 19:44:30+00:00,,,155888.47,0.0,1.0,1.0,0.001,0.004,True,True,,,,23487958847499274814478562039676037125998813727211350186789921515131608411806,72909106530764909382668998082449798213046910270420803190905722735194818782223
510784,Will Beyoncé perform at Kamala rally in Houston?,13724,will-beyonc-perform-at-kamala-rally-in-houston,0x7858c984dc194077939fafa7df203f003550cc7410c141f1e2ac1332f6b87582,2024-10-24 15:31:55+00:00,2024-10-25 12:00:00+00:00,2024-10-26 04:56:09+00:00,,,20143.23,0.0,1.0,1.0,,0.02,True,True,,,,32038041048622749838674628219801837202944103377495368829570156763786217447358,100359644550720121691278033261140293880689809281543448808574920276117776484378
511067,Trump wins 312-226 - swing state sweep ,13801,trump-wins-312-evs-swing-state-sweep,0x7057bdf9e1d4a4d266c1a98448ba4dc13fcdf2691d44e2d2c33424f2de540a8f,2024-10-29 23:00:01+00:00,2024-11-05 12:00:00+00:00,2024-11-10 05:30:10+00:00,,,559484.0,1.0,0.0,1.0,0.991,1.0,True,True,,,,89889888564331082463862803808530386782232123760149333380224600987695645592911,65931893613757143026577757671853325116659898255186458844009654879863270703528
511736,Bitcoin all time high day after election?,14020,bitcoin-all-time-high-day-after-election,0x655729602876f15045bbffab03fe342fb5ade2bbc37b6d53d77ac3af755b4085,2024-11-01 23:51:44+00:00,2024-11-06 12:00:00+00:00,2024-11-06 09:39:25+00:00,,,308994.29,1.0,0.0,1.0,0.992,0.998,True,True,,,,62656193791710036091931887819304772533409075477848641061343859720140678394258,44642662832034075717926401903090916748775519975187001589438645974460673644128
512214,Hawk Tuah token by Thanksgiving?,14190,hawk-tuah-token-dropped-by-thanksgiving,0x60115dfb843bf196467091c583ff57020da58700c95d2e8f14fa80ac65829d77,2024-11-06 20:54:11+00:00,2024-11-28 12:00:00+00:00,2024-11-26 20:43:44+00:00,,,188522.32,1.0,0.0,1.0,0.999,1.0,True,True,,,,2138123287198726005435458542564954028899347047443818851221394038325318944253,8156044173809590823756815857051908473023349729464621556518182000808979073891
512598,Trump declassifies Epstein list in first 100 days?,14262,trump-declassifies-epstein-list,0x84f234a88cc4f71f0d83fa8d4530dd30e9da4eb58af796d0f0e5d60d19ef2fbc,2024-11-08 23:18:06+00:00,2025-04-29 12:00:00+00:00,2025-02-28 05:24:16+00:00,,,2048179.03,1.0,0.0,1.0,0.999,1.0,True,True,,,,11611340909586458554850968043210922212178420975054636654832310666723535229504,31244755639356401585427973242989959204761623347126970196039352731499470636667
512676,Hawks vs. Celtics,14295,nba-atl-bos-2024-11-12,0xecf5f7790a2523259345734cd304ca1ca32ec48a963d343ae9eb789f0ccb7967,2024-11-11 18:04:29+00:00,2024-11-20 00:00:00+00:00,2024-11-13 04:37:19+00:00,,,187457.49,1.0,0.0,1.0,0.999,1.0,True,True,,True,https://www.nba.com/,88034645423425591319820866335396077379665636627745563094707930692305029699324,18331101969472367746113428854953694501822158988069637128414811437505554076973
513325,Cowboys vs. Commanders,14538,nfl-dal-was-2024-11-24,0xb236355fe71fe311449678ea87cf5258846ce0f1f624b941554347d8ba016db7,2024-11-18 05:05:31+00:00,2024-12-01 18:00:00+00:00,2024-11-24 23:31:36+00:00,,,306815.46,1.0,0.0,1.0,0.999,1.0,True,True,,True,https://www.nfl.com/,27471627946492484360051772432216466086901858430482555721072877870050616132511,68712151593709687508937804557866209546486916791553540669035869027971368288205
513334,Will Assad remain President of Syria through 2024?,14547,will-assad-remain-president-of-syria-through-2024,0x9ce4ce441b98560634b67589135dac0034a45edaacf13455c9add1ddbb6b7dec,2024-11-18 16:23:06+00:00,2024-12-31 12:00:00+00:00,2024-12-08 16:02:50+00:00,,,7577895.74,0.0,1.0,1.0,,0.001,True,True,,,,71881462068360341862122310129791911298023735258994401167377841924837767345287,85591151242315440638316112746973947739307076787078147893681974285954055295833
513453,ICC arrest warrant for Netanyahu before inauguration?,14581,icc-arrest-warrant-for-netanyahu-before-inauguration,0xdcc18688162537a3c54774d4acb8eb273be149b7faac6e086a3232db4cf9bf6d,2024-11-19 23:06:17+00:00,2025-01-20 12:00:00+00:00,2024-11-21 14:02:03+00:00,,,36925.3,1.0,0.0,1.0,0.999,1.0,True,True,,,,7835863453331523039162807990802258939118193470019314087258865231189000203889,65954369395386279375833620469763491384121053332951446354438916229140308865100
513494,Trump imposes 40% tariff on China in first 100 days?,14589,trump-imposes-40-blanket-tariff-on-china-in-first-100-days,0xb3ea135352ea36f6c3098e729862d795d0f847df542dae31cee355d64d943aab,2024-11-19 23:03:17+00:00,2025-04-29 12:00:00+00:00,2025-04-03 01:07:42+00:00,,,1142692.02,1.0,0.0,1.0,0.999,1.0,True,True,,,,31615151084060966235369061443480426450332736371173456607919086388048126607917,29374354262380065839026580753091215357840578144582352942828982711065086210235
513767,Memphis vs. Tulane,14674,cfb-mem-tuln-2024-11-28,0x33f93c3076b2823e0eb614e2c8f23c27d524e6a9b13a413f1e8ce3ddc1162253,2024-11-24 05:02:55+00:00,2024-12-06 00:30:00+00:00,2024-11-29 06:03:33+00:00,,,47553.88,1.0,0.0,1.0,0.999,1.0,True,True,,True,https://www.ncaa.com/,97825326527291189156325899081354363313001740266270976184468349757657688065797,69890067375622201428347408735059037383540709005947131586819357492352818820870
513802,Michigan vs. Ohio State,14709,cfb-mich-ohst-2024-11-30,0xd9cd6a8bb5bc1944c4100be24858b3e98ba375b0489d58b3801f8af81fd8dc4d,2024-11-24 05:10:36+00:00,2024-12-07 17:00:00+00:00,2024-11-30 22:40:55+00:00,,,85852.74,1.0,0.0,1.0,0.999,1.0,True,True,,True,https://www.ncaa.com/,43131763123987347795975038132284215265823150528865985750053714310450825997022,63307566319418201412658081050273697779849738254445580869141984455609002302789
513824,Wyoming vs. Washington State,14731,cfb-wyo-wsu-2024-11-30,0x1fcf8892efff1d471c4b647cf268c433f83422d5367711229ce2bf76d77e2474,2024-11-24 05:15:41+00:00,2024-12-07 23:30:00+00:00,2024-12-01 05:11:48+00:00,,,3425.01,1.0,0.0,1.0,0.999,1.0,True,True,,True,https://www.ncaa.com/,69766248230434428745434048623520686588754888449621015412268151810946276544332,82209105760313479324285687291266872075806840113665494003439876545079769465513
513895,Nets vs. Warriors,14763,nba-bkn-gsw-2024-11-25,0x5dfcddd86d90b77f78ff330d31567d1c2f2a3623f2828e5bfcf0088050fcbbd1,2024-11-24 18:54:22+00:00,2024-12-03 03:00:00+00:00,2024-11-26 07:38:53+00:00,,,407942.85,1.0,0.0,1.0,0.999,1.0,True,True,,True,https://www.nba.com/,1465081340613317655725752298790217998306477317868076170354066462906771634098,28924215539860991183456717686380054482743607601424909241638817380001430341307
513903,Hawks vs. Cavaliers,14771,nba-atl-cle-2024-11-27,0xa1d68a0e71d71d9e2af4e8c4072fd268d4d14e5e5c9bfbfabd88eaa83b9081a1,2024-11-24 18:56:32+00:00,2024-12-05 00:00:00+00:00,2024-11-28 04:37:48+00:00,,,374869.42,1.0,0.0,1.0,0.999,1.0,True,True,,True,https://www.nba.com/,27267439273841325040512164814233294533176057563347863115369559210076814463321,113454708321613832902098094317027552371753439107028718649768768491861254900400
513998,Will 3+ Trump cabinet picks fail to get appointed?,14828,will-3-of-trumps-cabinet-nominees-fail,0x9583315d69dfbaf9488dbc8add7c8d114386fe5056b2103f65a231d99db1c61b,2024-11-25 23:01:57+00:00,2025-06-30 12:00:00+00:00,2025-07-01 22:23:36+00:00,,,418030.31,1.0,0.0,1.0,0.998,0.999,True,True,,,,55068982863635940230165758111264936726154534271166427458027038474489324289609,97446104199053479701626914461096185794491057043285111969328575432140874880542
514315,Nuggets vs. Wizards,14958,nba-den-was-2024-12-07,0x3a7291187dd61c9004a86c4dd70d099039dbb21491f8828e8b91df85541d20f1,2024-12-01 05:19:21+00:00,2024-12-15 00:00:00+00:00,2024-12-08 04:46:10+00:00,,,360918.31,0.0,1.0,1.0,,0.001,True,True,,True,https://www.nba.com/,69520195084813038456918817138304783090285747088044543053152726373704290454348,73756858771859082714202944925503152037748489007706514610090236755404062941001
515140,Luigi Mangione manifesto released by Friday?,15288,brian-thompson-perps-manifesto-released-by-friday,0xfb36bbf817f52bd4b4d9b529494e4a41d43fd00235075b7391eb475e0f19b88e,2024-12-09 18:30:42+00:00,2024-12-13 12:00:00+00:00,2024-12-11 07:36:48+00:00,,,402973.59,1.0,0.0,1.0,0.999,1.0,True,True,,,,8185250718908238194603904539120741661747273568828149491018082081169546922536,46509809603990463340105169761017720777458593785106116250674535154869687546515
515587,Bulls vs. Celtics,15461,nba-chi-bos-2024-12-19,0xcd54944be362c966902eb0d368f46e8c044e6595f71a76f480497816ff80c503,2024-12-13 19:32:14+00:00,2024-12-27 00:30:00+00:00,2024-12-20 05:15:39+00:00,,,815746.88,1.0,0.0,1.0,0.999,1.0,True,True,,True,https://www.nba.com/,59356786350341379664904747307849331973852219958898134824242989088689172660476,77250764696022095802213840947961229441554277593376210544420855829341201240910
515745,Biden statement on Mystery Drones by Friday?,15576,biden-statement-on-mystery-drones-by-friday,0xddf513756b6f4b68dc42b0ae7e4cc41c03ad5b904547a2ab1454a726a1503455,2024-12-16 16:56:50+00:00,2024-12-20 12:00:00+00:00,2024-12-18 06:23:03+00:00,,,26164.19,1.0,0.0,1.0,0.999,1.0,True,True,,,,47093346110564377336228735602969910051360794294430884017560892466197002813812,104849499693987663344781508653449330161331842996425265118138733485961765963836
516134,Will House and Senate pass funding bill by midnight?,15706,will-house-and-senate-pass-funding-bill-by-midnight,0x70cd8d33fcc8ed0c8735809725bfe9c57b9d4b6836d3c904fc23cbc2ba13a6e5,2024-12-20 17:35:06+00:00,2024-12-21 12:00:00+00:00,2024-12-21 07:12:41+00:00,,,177563.85,0.0,1.0,1.0,,0.001,True,True,,,,89125306726926882098860872319187201561140577338105445540096393129177584322034,9611986135994492322259058092379288639559947216737150293489262637634506492953
516197,Celtics vs. Magic,15738,nba-bos-orl-2024-12-23,0x03aa766f7db70c81b6967436c071372703137c25978178fa9aa67f72ab04e8ed,2024-12-22 05:05:01+00:00,2024-12-31 00:00:00+00:00,2024-12-24 04:54:11+00:00,,,333319.92,0.0,1.0,1.0,,0.009,True,True,,True,https://www.nba.com/,101452218907705236334590057436333488630446667190140614484412399463494158156722,29505265410423664200240834479114118628494988150622616858415290431335278879206
516211,76ers vs. Celtics,15752,nba-phi-bos-2024-12-25,0x3d8e41b292e5253167502a91ef41011f12d715e67308d77c46381e99d932badc,2024-12-22 05:08:16+00:00,2025-01-01 22:00:00+00:00,2024-12-26 02:34:04+00:00,,,1130028.11,1.0,0.0,1.0,0.999,1.0,True,True,,True,https://www.nba.com/,10260102152120325117037936020682032118936290873336655164805752081162873381000,115610396917306356842309518214071206547947367305131580397966352580718232154007
516259,Ducks vs. Utah,15800,nhl-ana-utah-2024-12-22,0x81577daffabbc8c9beab27751fcb515e83294ff2f09514d8e0a0290f64bac096,2024-12-22 07:04:12+00:00,2024-12-29 22:00:00+00:00,2024-12-23 03:02:27+00:00,,,24973.53,1.0,0.0,1.0,0.999,1.0,True,True,,True,https://www.nhl.com/,32602036330337612463237873316627837190967861964420311838559703025969509673612,61476449565264831211910054774492157150633193174073192704004670942389851956428
516630,Trail Blazers vs. Bucks,16008,nba-por-mil-2025-01-04,0x59f7ccf8545192009c382929153428e6c4a0aca52a200522fecf374e9e3873ca,2024-12-29 05:11:41+00:00,2025-01-12 01:00:00+00:00,2025-01-05 05:14:03+00:00,,,235959.36,1.0,0.0,1.0,0.999,1.0,True,True,,True,https://www.nba.com/,68156827232174769783380090469742080983262343120387152621217178785863614842909,3580747793846916561737117989618651588479649317641327848575247431433118479755
516648,Bears vs. Packers,16026,nfl-chi-gb-2025-01-05,0x75dbcd792829abade7338e3b2293f465c97a678ba9d3120c78dcfaad2d552a35,2024-12-29 06:05:51+00:00,2025-01-12 05:00:00+00:00,2025-01-05 23:28:55+00:00,,,462530.07,1.0,0.0,1.0,0.999,1.0,True,True,,True,https://www.nfl.com/,97810915794612571289412771717250480581857774579432595033906966987875681659790,66983882740447552716267109566736846007476402077093005847272168251017407889825
517325,Jazz vs. Magic,16288,nba-uta-orl-2025-01-05,0xb38de0b7fea7f08ba0ead1e99c222a2d9ad2f39d83c5e63249f5d387ba79aead,2025-01-05 05:03:56+00:00,2025-01-12 23:30:00+00:00,2025-01-06 03:47:20+00:00,,,289581.77,1.0,0.0,1.0,0.999,1.0,True,True,,True,https://www.nba.com/,11303418390801871049934893142218134807376424912250243032800401176183438542951,41665416626519983901536485121621538394917480094861663749478845037685956297925
517332,Magic vs. Knicks,16295,nba-orl-nyk-2025-01-06,0xdf9addae6abba8b6e669f9e7442661a8ef7c24780536209099ddc4c71478260a,2025-01-05 05:05:15+00:00,2025-01-14 00:30:00+00:00,2025-01-07 04:58:55+00:00,,,669153.93,1.0,0.0,1.0,0.999,1.0,True,True,,True,https://www.nba.com/,103010487960833021491224236905430190421366211324108684845038690438155634603399,85117238990101542753805380844953186624824079060346389098411667021709426132727
517981,Arsonists arrested in connection with LA wildfires? ,16533,arsonists-arrested-in-connection-with-los-angeles-wildfires,0x48b89ee1ee4632a1f3e173782e7081121c2c95035be6bcc0f9c3c8a119aae9e6,2025-01-09 15:02:21+00:00,2025-01-31 12:00:00+00:00,2025-01-11 05:58:19+00:00,,,181622.3,1.0,0.0,1.0,0.999,1.0,True,True,,,,29476396032982006738912208114108310855597935247936120840081181240054411524311,37745293904192569862196859001034486125254300330354075108303759980964613841832
518230,Pacers vs. Cavaliers,16599,nba-ind-cle-2025-01-12,0xd31d4653f68579ee0e4589b5467a3e6cac01ffb73fcd1aa840cbd8b7720a89c1,2025-01-12 05:05:41+00:00,2025-01-19 23:00:00+00:00,2025-01-13 03:50:01+00:00,,,282337.23,1.0,0.0,1.0,0.999,1.0,True,True,,True,https://www.nba.com/,23534489564939824121517088594671812291128325325398083900339794534059117714947,96834529249188756183372638739583304719749021696194025477511020875725212254932
518248,Celtics vs. Raptors,16617,nba-bos-tor-2025-01-15,0x5af03ff402451d6ea63feb74029692610c1c75ddb6fb8b7aedceeaf8aa79a8ce,2025-01-12 05:10:06+00:00,2025-01-23 00:30:00+00:00,2025-01-16 05:15:57+00:00,,,373544.65,0.0,1.0,1.0,,0.001,True,True,,True,https://www.nba.com/,27438659628371112103169406665520249824078432565239519694786394425293050237210,7454381031466136282794229473793593028643477053921733210095086882886612603563
518337,Commanders vs. Lions,16698,nfl-was-det-2025-01-18,0xc61d58d10dd07c779f61a961e9ecc3c3ed298c23e2503dc8145b6a44fc5abb53,2025-01-13 06:03:20+00:00,2025-01-26 01:00:00+00:00,2025-01-19 06:50:49+00:00,,,4503717.45,1.0,0.0,1.0,0.999,1.0,True,True,,True,https://www.nfl.com/,37106543134583562791320961135571607483280330791583085732040327402425914543448,30982063484048433297297538797930513879827961838831302644350810068798732868140
518488,Will Bitcoin hit $100k by Wednesday?,16733,will-bitcoin-hit-100k-by-january-15,0x352021cafd41e81e14456b5fd8c99d728469e89576e0b28781590971f3fb0368,2025-01-14 17:01:45+00:00,2025-01-15 12:00:00+00:00,2025-01-15 22:16:23+00:00,,,785253.2,1.0,0.0,1.0,0.999,1.0,True,True,,,,42279455105569870807298541128903624872172697356689694497075188400759806680096,31002055363815424094612678408899356738487077143889672098408982246896823542974
519199,Trail Blazers vs. Heat,16941,nba-por-mia-2025-01-21,0x7f7a2f4257f0b500dc49c24f6c95c9c44ee8a82d9961d5727a3572682212c516,2025-01-20 19:00:26+00:00,2025-01-29 00:30:00+00:00,2025-01-22 05:14:18+00:00,,,284415.09,1.0,0.0,1.0,0.999,1.0,True,True,,True,https://www.nba.com/,50438455640991228330001043024835296681627855683232157902276457928600936022272,11949511369930476048630508539966202520102081327861991348398066829434758571428
519216,Mavericks vs. Thunder,16958,nba-dal-okc-2025-01-23,0x1c15e9a81b470b40b2975f202b46027ff92cc25c5078b90273701ed19136b3db,2025-01-20 19:15:57+00:00,2025-01-31 01:00:00+00:00,2025-01-24 06:30:35+00:00,,,689110.85,1.0,0.0,1.0,0.999,1.0,True,True,,True,https://www.nba.com/,43461384843849179167917692615356644899036131652481756059828804681303875282399,61934824182461599942500150270874929948193651736417382757870073689581371157941
519639,Australian Open (W): Swiatek vs. Keys,17093,australian-open-w-swiatek-vs-keys,0x93f42263971abb137fe7ffd4db95852f7da248372449c21d586858ff2ea8ee11,2025-01-22 21:55:42+00:00,2025-01-23 12:00:00+00:00,2025-01-23 15:42:24+00:00,,,67890.65,0.0,1.0,1.0,,0.001,True,True,,,,22211181165624714791801218997925624444240477874829575089198480491485851902331,41334654834480829209269487093273895018274149851784674465241163962439266746349
519710,TikTok on App Store again before March?,17107,tiktok-on-app-store-again-before-march,0x2ec83f1dc75b8a440ee45b53d95af45474c4973cc8ec90d0773205518e3d29bf,2025-01-23 00:33:14+00:00,2025-02-28 12:00:00+00:00,2025-02-14 05:05:44+00:00,,,112605.05,1.0,0.0,1.0,0.999,1.0,True,True,,,,90111826615868980458886306558942186096161457289913905711709990118818143526225,27668743656534279672189588041730185793851715219600241175116000912381224979349
519871,"Ethereum above $3,400 on January 31?",17163,ethereum-above-3400-on-january-31,0x4274cf2f5baa14074d70a7cc23226e4ae6854e58876740a16895f2df12cca6c1,2025-01-24 16:51:26+00:00,2025-01-31 12:00:00+00:00,2025-01-31 19:18:29+00:00,,,4931220.51,1.0,0.0,1.0,0.999,1.0,True,True,,,,39115628270010530018055444929368034889927274046545376343069303346715707788469,49913857491262108991012127599708138772112919991304689092320654195904207450466
520390,Thunder vs. Warriors,17359,nba-okc-gsw-2025-01-29,0x4f5e800d03dfb2785c32d7b2ba5c5f76dddc2916d98dce3c4e2079ec45bf59ce,2025-01-27 18:15:57+00:00,2025-02-06 03:00:00+00:00,2025-01-30 08:17:04+00:00,,,711850.09,0.0,1.0,1.0,,0.001,True,True,,True,https://www.nba.com/,79448985751126274199614746561510560352840231437863303349353619470428810680423,91891196484330118575911373908903193597528801350759624229542693353138790085449
520406,Wizards vs. Timberwolves,17375,nba-was-min-2025-02-01,0x39162f1d2c78d0a643f1fad2458df9374c0768e2d8cd523da5a40ff22918b9c8,2025-01-27 18:19:13+00:00,2025-02-09 01:00:00+00:00,2025-02-02 05:43:12+00:00,,,517828.23,1.0,0.0,1.0,0.999,1.0,True,True,,True,https://www.nba.com/,11048053562551587660220371282949006234351168517608061311311843236025861855622,17174723412471139499535354228627539954133398503410641003699041878560915488007
520619,Will MicroStrategy purchase more Bitcoin by Monday?,17409,will-microstrategy-purchase-more-bitcoin-by-monday,0x130978c53904b43c7f49afb24f252619d1a5a0098a48aab91d36ed18d67c83f2,2025-01-28 15:52:54+00:00,2025-02-03 12:00:00+00:00,2025-02-04 07:22:47+00:00,,,377221.08,0.0,1.0,1.0,,0.001,True,True,,,,15077581398843846035858829061410519863992196017303268493987148506638894649252,98720543333008365957428842648395499537619998158407628689830574814524916841286
520620,Will Dave Portnoy launch a coin before March?,17410,will-david-portnoy-launch-a-coin-in-before-march,0x8afc47b527ae83eab6815ad341182c06f62a98da48575bd6aa006f958287c94b,2025-01-28 15:56:45+00:00,2025-02-28 12:00:00+00:00,2025-02-17 00:42:47+00:00,,,237230.08,1.0,0.0,1.0,0.999,1.0,True,True,,,,54972249031451859860942148420037929199354536126015193799056875387288916980974,36922414533659787048637712422052437335774902119687322308235254712775256324605
521462,Will Trump increase tariffs on Mexico before May?,17698,will-trump-increase-tariffs-on-mexico-before-may,0xaeadfdcaf812f6b7c533d0424338e1a88b5da35a2e54b43ec030c54286a6180b,2025-02-02 21:52:10+00:00,2025-04-30 12:00:00+00:00,2025-05-04 02:07:19+00:00,,,1186485.74,1.0,0.0,1.0,0.999,1.0,True,True,,,,34527557272959449538540911785771926719929411934380559703769113694867797176284,18261620512465121159194202057088287919326016833157556670614311925632936410385
521463,Will Trump increase tariffs on Canada before May?,17699,will-trump-increase-tariffs-on-canada-before-may,0x764d117785396915741ed433c69ec2404c600f65f316aa15186e24bb52e9a4fa,2025-02-02 21:52:45+00:00,2025-04-30 12:00:00+00:00,2025-05-02 00:57:08+00:00,,,761450.34,1.0,0.0,1.0,0.999,1.0,True,True,,,,113246756975255944872424081905639704717287573126172184781760152434978109691546,47789136758529869120451479666810281039658862887128832632277927888196856188603
521796,Will the U.S. deport illegal migrants to El Salvador before April? ,17779,will-the-us-deport-illegal-migrants-to-el-salvador-before-april,0x44ed371c6f18a042223cb9f88e0a1363383657cd3a5d02a8b45c457fa1790ebf,2025-02-04 20:57:22+00:00,2025-03-31 12:00:00+00:00,2025-03-18 20:11:49+00:00,,,25107.8,1.0,0.0,1.0,0.999,1.0,True,True,,,,108737964045133120006991927996862491181612185226119031107703462527685114617842,66352533438482375698157936179339150118221226408620838021415978012662149528535
521846,Kai and Speed win Fortnite by noon Wedneday?,17796,kai-and-speed-win-fortnite-by-noon-wedneday,0x0a7c24f5aa28f9183d92965bdcf4df41fd9520d3b03b99f1d60bb76992b9240e,2025-02-04 22:38:54+00:00,2025-02-05 12:00:00+00:00,2025-02-05 11:45:05+00:00,,,17090.05,1.0,0.0,1.0,0.999,1.0,True,True,,,,106727126931537710787565755880711387380740246266970471913906685802627258236143,103779139145998094447193375947017636645881477464325947825654992891981116227174
522058,Will NASA estimate a 3% chance of asteroid hitting Earth?,17859,will-nasa-estimate-a-3-chance-of-asteroid-hitting-earth,0x62329d540852b0766ddbb976521db807aba01fc219fcd7ef33afe997a77af8df,2025-02-06 23:20:36+00:00,2025-06-30 12:00:00+00:00,2025-02-18 20:25:33+00:00,,,78279.3,1.0,0.0,1.0,0.999,1.0,True,True,,,,11769108428076317906546776469106690661261087585952831252662402937650650086642,37088717132353685474230780169439599947972419992795042752590805376543482672358
522164,Will all remaining Trump cabinet picks be confirmed?,17886,will-all-remaining-trump-cabinet-picks-be-confirmed,0x390edd321597d735e012e89f4fa8086afd1b858d5617e36a30db01bf9f85ca89,2025-02-07 20:38:25+00:00,2026-01-31 12:00:00+00:00,2025-03-28 00:07:36+00:00,,,78998.66,0.0,1.0,1.0,,0.002,True,True,,,,76505504734768783073820060838542390829526611709405654939072703098856423904727,113068468093822062409966773629546711511084396193766721503091611439423540533018
522193,FA Cup: Leeds United vs. Millwall (To Advance),17895,fa-cup-leeds-united-vs-millwall-to-advance,0x1755114f3c62305c0e9f04ccbe8e5f7ec1af4955c7a174fa25c323b044f963d2,2025-02-07 22:30:12+00:00,2025-02-09 12:00:00+00:00,2025-02-08 16:33:42+00:00,,,43409.76,0.0,1.0,1.0,,0.001,True,True,,,,22560814572112306927139497836278801583189159090780676930110217605583820177800,40648719367547729805619373199422886466985987068193638513708969845764117855690
522209,FA Cup: Plymouth Argyle vs. Liverpool (To Advance),17909,fa-cup-plymouth-argyle-vs-liverpool-to-advance,0x1459714fd0e58801af95a656e908462e4b3e60511e5e8247cafa92b560bb1d75,2025-02-07 22:29:56+00:00,2025-02-09 12:00:00+00:00,2025-02-09 19:20:00+00:00,,,9608.88,1.0,0.0,1.0,0.999,1.0,True,True,,,,87115267130739211541824541454945823320203972697082033222356628500231679354986,88361014651305960054565060574084194435993211497020087990437565033405222064602
522531,Kanye back on X by Friday?,18171,kanye-back-on-x-by-friday,0x2bce350bad6a2897c3cb1dfc336fe5c1017185d863cd8a5d6a87758333f52bd5,2025-02-10 15:19:38+00:00,2025-02-14 12:00:00+00:00,2025-02-13 07:03:45+00:00,,,27022.43,1.0,0.0,1.0,0.999,1.0,True,True,,,,44880893428102417896947226430446469046099222455550085797641202402162403438125,98304913545725079816596462067381944793956104354533686055904991642405342004760
522700,Indiana vs. Michigan State,18230,cbb-ind-msu-2025-02-11,0x2e24f362c08756cf29553d7e48c2fcf296529f0cdf6b8afaae7b0c640d82024e,2025-02-11 07:08:13+00:00,2025-02-19 02:00:00+00:00,2025-02-12 07:07:39+00:00,,,4083.79,1.0,0.0,1.0,0.999,1.0,True,True,,True,https://www.ncaa.com/,19051371868377693996242324104143950457021666476577584441745120383262438288578,2007100909090271995444361142768474477844479802723515764470049693738014595341
522709,East Tennessee State vs. Western Carolina,18239,cbb-etsu-wcu-2025-02-12,0xa9f4efa0ff581a08508e61220a49db4970d5cd48d77d6e1d6da6dbf55ba55c5a,2025-02-11 07:10:04+00:00,2025-02-19 23:00:00+00:00,2025-02-13 03:53:54+00:00,,,411.91,0.0,1.0,1.0,,0.001,True,True,,True,https://www.ncaa.com/,55740895992048271813201050253803666008972653231397526811906128230606252147644,99119859759365199247263156406870898449664444240552678318546495882651219475918
522719,Tulsa vs. Temple,18249,cbb-tuls-tem-2025-02-12,0x77f191f8b542ed6ac0877ac0ec18986f8539001bb376143a7f402dd9faf62fcd,2025-02-11 07:11:45+00:00,2025-02-20 00:00:00+00:00,2025-02-13 04:59:09+00:00,,,218.0,1.0,0.0,1.0,0.991,1.0,True,True,,True,https://www.ncaa.com/,77798914329223837846114112017396964160659694694403290837844070839950293352783,78946010690775824563570193759989876622116562986555323060443069263277048746644
523457,LSU vs. Oklahoma,18601,cbb-lsu-okla-2025-02-15,0x55d7e2f3c8c5dc8735bded19a0ff00f7664048124a28bf158d54c4b3e0f535ad,2025-02-14 07:06:29+00:00,2025-02-22 23:00:00+00:00,2025-02-16 03:24:44+00:00,,,150.56,1.0,0.0,1.0,0.999,1.0,True,True,,True,https://www.ncaa.com/,12329528044175758696749577413682574054850642189031770935528512422657127164012,27317918050812958352266655251125084782803188473867065217329440670430133264691
523465,Elon vs. UNC Wilmington,18609,cbb-elon-uncw-2025-02-15,0x233b296d4d1e1059d2e2fa8dd995b41ab85c8e4523108bf415f93739ecd74cd5,2025-02-14 07:07:59+00:00,2025-02-23 00:00:00+00:00,2025-02-16 05:36:59+00:00,,,1638.89,1.0,0.0,1.0,0.991,1.0,True,True,,True,https://www.ncaa.com/,33654267482198920665030499600764040324071120514007924926644581349615392008611,6859761080860109194592645161186077220421409036319197893849111875257272456281
523669,Hornets vs. Lakers,18716,nba-cha-lal-2025-02-19,0x514e0384d0117f4d9a457f3efff4c586030801b18bd8ba1868b6ca1904cafefc,2025-02-16 05:03:08+00:00,2025-02-27 03:00:00+00:00,2025-02-20 09:11:31+00:00,,,1203058.93,1.0,0.0,1.0,0.999,1.0,True,True,,True,https://www.nba.com/,109518950141041191965344760437120081291115876076963597983853791930975269368236,25292584341708146868774770073878484307785480486042534939349005191631311248499
523907,Another Elon baby this month?,18955,another-elon-baby-this-month,0x32e99dd45ccbc5f5f0920945a6af84a37635b90d282490d251e46e870557314d,2025-02-17 17:54:36+00:00,2025-02-28 12:00:00+00:00,2025-03-01 23:48:51+00:00,,,32515.01,1.0,0.0,1.0,0.999,1.0,True,True,,,,107269175301710857259273429140987831839882930716312327409973767706887842894434,38830467351829382179799597139271980256337789498224030855581462876857427817206
523908,Another Elon baby before July?,18956,another-elon-baby-before-july,0x3e2976ea24b1afddd8ecd8e0a186ff1b42b9fb2655f5a50f6fae4762bd5b9a49,2025-02-17 17:54:42+00:00,2025-06-30 12:00:00+00:00,2025-03-01 23:43:50+00:00,,,24694.35,1.0,0.0,1.0,0.999,1.0,True,True,,,,36123545179193673891215961351321844865486928056593901443422813916069415340882,9088909031369065388288307579664247919219495121558511389889476973130787250863
524065,Will Cursor support Grok-3 before April?,19011,will-cursor-support-grok-3-before-april,0xdd9785916a85123520fe8f41cf6f72e7dc23c04f5f4afa6b80551c5f6367802b,2025-02-19 00:38:51+00:00,2025-03-31 12:00:00+00:00,2025-04-01 10:22:59+00:00,,,18016.44,0.0,1.0,1.0,,0.002,True,True,,,,87151114723777633483510535492721388835034798968478591179793364719998339755774,2819899740350260556488937370368061852444347497957115322605049264290850738734
524401,New Hampshire vs. Albany,19164,cbb-unh-alby-2025-02-22,0x65dd0fc0f0920cee2732913a4598b21b8cbef743c9ee85c8689f4b33ce7fb322,2025-02-21 07:06:53+00:00,2025-03-02 00:00:00+00:00,2025-02-23 06:02:58+00:00,,0.0,,1.0,0.0,,0.999,1.0,True,True,,True,https://www.ncaa.com/,96948194409749553022489270274756853926801318433878964211337519116422163621122,41050552016390663575022163492404583201885097570413177539495445441265370966712
524402,Dartmouth vs. Princeton,19165,cbb-dart-prin-2025-02-22,0x27166767cbc44d4a08101b139e21d5af10d50fd61cf7dac56196c3e5267f0699,2025-02-21 07:07:10+00:00,2025-03-02 01:00:00+00:00,2025-02-23 07:03:14+00:00,,0.0,,1.0,0.0,,0.99,1.0,True,True,,True,https://www.ncaa.com/,73025500674391190604738328835128588588489080343556754048024259731933571706783,40073766869775066883166696583170652337778631423375692554328834907510937884772
524634,Timberwolves vs. Thunder,19288,nba-min-okc-2025-02-24,0xbd622ba7d974976b8f3c4d00fe591f2f9010c3b6d6ab4d6f58c1e33b38f8b3df,2025-02-23 05:04:23+00:00,2025-03-04 01:00:00+00:00,2025-02-25 05:52:21+00:00,,,530140.95,1.0,0.0,1.0,0.999,1.0,True,True,,True,https://www.nba.com/,6099066385244003064482998707219762494248966604956425471856895483896909806720,77041418688573752243083034396544435777428230509767183226487204442796495277869
524741,Iowa State vs. Oklahoma State,19384,cbb-isu-okst-2025-02-25,0x0f850531d218e5b0281cb0603d78b511a76a1be531afe75ed5d42e0df227c672,2025-02-23 07:07:34+00:00,2025-03-05 01:00:00+00:00,2025-02-26 05:17:21+00:00,,,4624.74,0.0,1.0,1.0,,0.99,True,True,,True,https://www.ncaa.com/,29611389370961807708539009984902277852278748144813022493110118922205281040818,958465215845484299617411550510966753601835429052125154527699876245615214724
524821,Virginia vs. Wake Forest,19464,cbb-uva-wake-2025-02-26,0xf32c924c38070dd16e44f972396b22f18e404a02492d9ab90d8be0be083e7f74,2025-02-23 07:16:29+00:00,2025-03-06 02:00:00+00:00,2025-02-27 06:19:33+00:00,,,778.7,1.0,0.0,1.0,0.99,1.0,True,True,,True,https://www.ncaa.com/,62338798919597054051921748391505712338720372959794264530280003952275170398754,90820269452189155870235012843015415543366744053147443110731292030259918415479
525171,Will Sydney Sweeney break up with her fiancé before April?,19604,will-sydney-sweeney-break-up-with-her-fianc-before-april,0xeb3e3109bcdcbf71a7773b4b4c7cdf666af9222930c809d3e704358f93d31a37,2025-02-25 16:19:29+00:00,2025-03-31 12:00:00+00:00,2025-04-01 01:45:07+00:00,,,341029.83,1.0,0.0,1.0,0.999,1.0,True,True,,,,52850353627966410716920512825093287603520513960431675909226347096990751219952,28571752231713293034473651874567749506352178484502013045129973453639261028054
525201,Will Luka record a Triple Double tonight?,19628,will-luka-record-a-triple-double-tonight,0x74742f6f437e792d4da8b8a8cec810356a120662ebead0789a2ddd7d2ef7b4d7,2025-02-25 19:51:20+00:00,2025-02-25 12:00:00+00:00,2025-02-26 07:17:01+00:00,,,3202.06,1.0,0.0,1.0,0.999,1.0,True,True,,,,27858216587581516135203044793376696850576005674194336112188256735757951425361,93479683007921027417354192160992835300427765596361755243881963359296007003538
525275,Mary Kate Cornett statement by Friday?,19679,mary-kate-cornett-statement-by-friday,0xbdaaaa3a2d508f7a53756c37a9d73b25469e67f4671d5b2b9a152cbcb4c1e2d7,2025-02-26 15:13:44+00:00,2025-02-28 12:00:00+00:00,2025-02-27 22:34:44+00:00,,,5836.23,1.0,0.0,1.0,0.999,1.0,True,True,,,,76210216417213024836157444194748163617340264247026864822298115757767026065599,107828463323251084801474393419545739159594223746306974942381458344151291698979
525279,Georgescu released from custody by Friday?,19683,georgescu-released-from-custody-by-friday,0x7611b75315bd39cd8c8eb0259e651843c0835dec7527c263c89f412a01baaa4d,2025-02-26 15:42:03+00:00,2025-02-28 12:00:00+00:00,2025-03-01 10:45:29+00:00,,,4936.43,0.0,1.0,1.0,,0.001,True,True,,,,63986300783304463313888844549709800938826075977655571392368394578481026270668,43798543198070544917549715248123225027798712355677288772466503533104764239916
525280,Ukraine agrees to Trump mineral deal by Friday?,19684,ukraine-agrees-to-trump-mineral-deal-by-friday,0x6669e7cda4b55ac014d5a9b3415ef724a818b4bcd6b2863f949df356ade34c22,2025-02-26 15:57:12+00:00,2025-02-28 12:00:00+00:00,2025-03-01 08:00:07+00:00,,,360976.17,0.0,1.0,1.0,,0.001,True,True,,,,10295687264235762077207188901997657275041176630361076212223150723149020148812,77958736243170768203345220826828049076006898587988383647124365691363988335087
525938,Yoon released from custody before April?,19833,yoon-released-from-custody-before-april,0xa1d3d3f8a8040b90c6482969c6ba6592689907bd99ecc9635283dc317520a27d,2025-02-27 23:56:03+00:00,2025-03-31 12:00:00+00:00,2025-03-08 12:42:54+00:00,,,362830.17,1.0,0.0,1.0,0.999,1.0,True,True,,,,55509222713708995894973603442774847491470308246312006458470309765750730601616,59089617392877077082875694767811197608167078681346199545522609243627457303578
526374,Kennesaw State vs. Liberty,19982,cbb-kenn-lib-2025-03-02,0xc94127526c6f1a56f300ecacfaced2c2110fda8bf40a71921fb431dd6a06f6bc,2025-03-01 07:04:29+00:00,2025-03-09 17:00:00+00:00,2025-03-02 22:23:06+00:00,,,628.95,1.0,0.0,1.0,0.99,1.0,True,True,,True,https://www.ncaa.com/,28842788007833615362761414828948634515342699964080709835498768563941367850682,40997719600483923688985792410654524419055394894800778049392053480056784897229
526684,Will Kanye meet with Ansem by next Friday?,20204,will-kanye-meet-with-ansem-by-next-friday,0xade6993e48d2158c6e158860109a0fd247d9cabe75784b7b3f61a259ea1e49e7,2025-03-03 22:47:58+00:00,2025-03-14 12:00:00+00:00,2025-03-09 02:56:45+00:00,,,15321.09,1.0,0.0,1.0,0.999,1.0,True,True,,,,14916608410825540325470408884448727555579924829808075621746249511895339801035,65985712618940511166672554357268281904033181785750819955143443917989772745174
526726,Kansas State vs. Cincinnati,20227,cbb-ksu-cin-2025-03-05,0x7b09ec0efdeb19ce2f326ea2e6c5d1e84d77c8b08c5d27353b9da7dffe95f96f,2025-03-04 07:05:26+00:00,2025-03-12 23:00:00+00:00,2025-03-06 04:09:16+00:00,,,3133.0,1.0,0.0,1.0,0.999,1.0,True,True,,True,https://www.ncaa.com/,86856899368231420913536633814854971778056149197226941773220458707368717332448,51038695449628976607508877386191019826386299117408339119443347232227641335349
527123,Valparaiso vs. Northern Iowa,20476,cbb-valp-uni-2025-03-07,0x0650042f24563478c0a0c516e5105d64789c2afe973daa39360e00eb8450a538,2025-03-07 07:04:05+00:00,2025-03-15 01:30:00+00:00,2025-03-08 08:09:09+00:00,,,672.17,1.0,0.0,1.0,0.999,1.0,True,True,,True,https://www.ncaa.com/,72858268052580237995885560787876254899000199057121759644673859980072803983211,112530513916622572197908623124331881810483873490104709304948515794078019990871
527294,Steak 'n Shake accepts Bitcoin before July?,20530,steak-n-shake-accepts-bitcoin-before-july,0xb84540c179245b50bb56cf590913a7c6550eab398bd131ff6ad7bb7e724371da,2025-03-07 23:14:11+00:00,2025-06-30 12:00:00+00:00,2025-05-16 17:50:11+00:00,,,24644.07,1.0,0.0,1.0,0.999,1.0,True,True,,,,107889958080443875029366166345633108471830225808113274070229475457741005156471,12406792141169732394013389941932049068746234827843258196016055515351412365374
527307,Pepperdine vs. Oregon State,20543,cbb-pepp-orst-2025-03-08,0x6cc5a9b2c4026b1e961ec2e90c5f2458c82c0829ea7c0386945b8c7e79b3f0cf,2025-03-08 07:04:45+00:00,2025-03-16 01:00:00+00:00,2025-03-09 06:40:02+00:00,,,36.0,1.0,0.0,1.0,0.99,1.0,True,True,,True,https://www.ncaa.com/,3919177979222890166571392262320830399499165763722434619012095838419194073154,17955361067172332248811421421909964308258937079180508777318038654062009099538
527316,Hornets vs. Heat,20552,nba-cha-mia-2025-03-10,0x3ec3608b0c50748d61bf0285283c245093b7a1aaeed24dd1369d03fb8afcbd5a,2025-03-09 05:02:55+00:00,2025-03-17 23:30:00+00:00,2025-03-11 04:23:47+00:00,,,168280.95,1.0,0.0,1.0,0.999,1.0,True,True,,True,https://www.nba.com/,107403999820208509455907669096409542603080382472339490700822642281218515261699,96958943862955333565989080405584417487786643605785905568135761936204235032109
527406,Magic vs. Cavaliers,20602,nba-orl-cle-2025-03-16,0x06718b2ca8a0b21aa43751c1899acf4797dad23179a92ef9558f7dd7ccb1e39a,2025-03-10 04:03:06+00:00,2025-03-23 17:00:00+00:00,2025-03-16 21:55:13+00:00,,,812096.09,1.0,0.0,1.0,0.999,1.0,True,True,,True,https://www.nba.com/,31078356229577326265162223913830633230239555354817295640032127279759568845865,28438780382962682544243651770965221219393988496505955747638369800112274993008
527829,Will Solana SIMD-0228 be approved?,20804,will-solana-simd-0228-be-approved,0x2b11b2d036de0500acd055c1a5b5da28af01a7c4009bca6f6b35a5d838432587,2025-03-11 22:46:28+00:00,2025-03-31 12:00:00+00:00,2025-03-14 02:48:00+00:00,,,42170.96,0.0,1.0,1.0,,0.001,True,True,,,,81020477549985003472417125910757210829985209616233180038306477683102842658254,112386206577809621547281467704673872897757818008080617652199246690390493801444
528351,Pacers vs. Timberwolves,20983,nba-ind-min-2025-03-17,0x8d2b706be52291a92d44a33c859751b4df00672391b58c5607fc5f7e8859a2aa,2025-03-16 04:03:21+00:00,2025-03-25 00:00:00+00:00,2025-03-18 05:19:47+00:00,,,492624.51,1.0,0.0,1.0,0.999,1.0,True,True,,True,https://www.nba.com/,34082569056060588705770126879897533215731973924715562705587739811650470905826,45002293795915966902117170368835667019644838391259310871105184179064512311263
528366,Pelicans vs. Timberwolves,20998,nba-nop-min-2025-03-19,0x0432fc9380a9287ee1caebb82bb96c78a80867710d2669291c8645c1d417b622,2025-03-16 04:06:02+00:00,2025-03-27 00:00:00+00:00,2025-03-20 04:51:59+00:00,,,605563.15,1.0,0.0,1.0,0.999,1.0,True,True,,True,https://www.nba.com/,25257075965167059349271442606440943044128758057978890796263880460994586458692,19126855962725014351649586887092105830963700349462232570450077226975058695592
528661,North Korea missile test before April?,21176,north-korea-missile-test-before-april,0x4baf4ac2b94963969eb3ded7b48fe4871416c747495fff9e0a2b5890daf53aad,2025-03-17 21:49:08+00:00,2025-03-31 12:00:00+00:00,2025-03-21 00:45:43+00:00,,,3400.36,1.0,0.0,1.0,0.999,1.0,True,True,,,,22230715382874946766273399545105722949972166279990963977070575335486753559790,11118060855563757347496088804263922042718214324599846856512837345140708958573
529221,Trump's birthright citizenship ban unblocked before July?,21300,trumps-birthright-citizenship-ban-unblocked-before-july,0x49d8f6a49da96276f1b961152dba6b4d7567c9b47bc48d8a7aef778232dbdeef,2025-03-20 17:01:30+00:00,2025-06-30 12:00:00+00:00,2025-06-28 00:19:06+00:00,,,131252.22,1.0,0.0,1.0,0.999,1.0,True,True,,,,25528162106054815493969735787305574739614296846149020493023674974652887850964,81244646449400405910149220550521341477417417984204523675787472470635881345235
529244,Trump announces buffer zone on Mexico border before May?,21303,trump-announces-buffer-zone-on-mexico-border-before-may,0x2aa21fda5f5f99cc8ccc5bdde53df8700b85e0dd716cd227cb1c420cd97ac10c,2025-03-20 17:38:31+00:00,2025-04-30 12:00:00+00:00,2025-04-13 20:45:39+00:00,,,34702.19,1.0,0.0,1.0,0.997,1.0,True,True,,,,81293856263290084665010928847269481898298173077042818964065854321955077686709,34976967003640039898988896017620867406597093665139476826585840035613574913580
529314,Baldoni x Lively lawsuit dismissed before July?,21319,baldoni-x-lively-lawsuit-dismissed-before-july,0xc57e2e70610899d695ec54978ed5cf6304fe140297b5e7b758b8c3f68d21843e,2025-03-20 23:15:53+00:00,2025-06-30 12:00:00+00:00,2025-06-29 15:23:18+00:00,,,55603.71,1.0,0.0,1.0,0.999,1.0,True,True,,,,95975067455083492405215290718187703466115430795868053940957239813332492991354,98334252396092688752171293784685686385115756754312470493244556902932241885271
529563,Solana above $130 on March 28?,21346,solana-above-130-on-march-28,0x31fd2ce0c3bf21891210d79e285d17038449a7519f6f9a5ee6af2effb7488dbe,2025-03-21 15:37:15+00:00,2025-03-28 12:00:00+00:00,2025-03-28 18:31:33+00:00,,,1890359.02,0.0,1.0,1.0,,0.001,True,True,,,,84907610157928420616121388927681251604162918995806337260767387928749940625696,66589464368546176808214011558758731398533628450944461887146531108417494147136
529659,Barron Trump public statement before July?,21369,barron-trump-public-statement-before-july,0xd4b531e9924b0ede5ba9b836d9e84a8bd5980c09abfbe8088e17512c2a9f998c,2025-03-21 21:05:35+00:00,2025-06-30 12:00:00+00:00,2025-06-03 22:13:40+00:00,,0.0,211397.54,1.0,0.0,0.999,0.999,1.0,True,True,,,,63056210935277428356614853163704952253722922490543516621651904566513592519981,108959300077236136655704981497280990648091621443835058485128400487134832755044
530496,Will Pierre Poilievre lose his seat?,21598,will-pierre-poilievre-lose-his-seat,0x2899aa05134d3a493f870653f2fe5e286d0a694b46847b330029c74975904cac,2025-03-24 22:43:33+00:00,2025-04-28 12:00:00+00:00,2025-04-29 12:00:01+00:00,,,918482.07,1.0,0.0,1.0,0.999,1.0,True,True,,,,17569804232044154193631348946763934720071082096459701129422221413564557053034,26448481741086047041611846974157819942782677680137816840327057499922538837960
